name,price,promo_price,promo_start,promo_final,image,description
Creme Dental Hortelã Closeup Triple 70g,3.99,,,,https://americanas.vtexassets.com/arquivos/ids/435928/10673796_1SZ.jpg?v=638750823344230000,Creme Dental Hortelã Closeup Triple 70g
Desodorante Rexona Feminino Active Emotion 150ml,15.99,14.99,,,https://americanas.vtexassets.com/arquivos/ids/472604/127839444_1SZ.jpg?v=638864546833670000,Desodorante Rexona Feminino Active Emotion 150ml
Desodorante Rexona Masculino Invisible 150ml,15.99,14.99,,,https://americanas.vtexassets.com/arquivos/ids/477568/127839401_1SZ.jpg?v=638863664930070000,Desodorante Rexona Masculino Invisible 150ml
Desodorante Aerosol Dove Go Fresh Pêra e Aloe Vera - 150ml,17.99,16.99,,,https://americanas.vtexassets.com/arquivos/ids/489025/176530857_1SZ.jpg?v=638834585358430000,Desodorante Aerosol Dove Go Fresh Pêra e Aloe Vera - 150ml
Desodorante em Gel Proteção e Cuidado Algodão 45g Secret 48h Invisível,25.99,23.99,,,https://americanas.vtexassets.com/arquivos/ids/36946203/product-variants-4318363-1.jpg?v=639015131792330000,Desodorante em Gel Proteção e Cuidado Algodão 45g Secret 48h Invisível
Chinelo Clássica Feminina Rosa Ipanema Nº 37/38,17.99,9.99,,,https://americanas.vtexassets.com/arquivos/ids/37307471/Novo Projeto -5-.jpg?v=639059981479000000,Chinelo Clássica Feminina Rosa Ipanema Nº 37/38
Achocolatado em Pó Chocolate Nescau Nestlé 350g,15.99,,,,https://americanas.vtexassets.com/arquivos/ids/36946257/product-variants-4319774.png?v=638987506309470000,Achocolatado em Pó Chocolate Nescau Nestlé 350g com Vitaminas e Minerais
"Amaciante Seiva de Alfazema Downy 1,5L Concentrado",33.99,,,,https://americanas.vtexassets.com/arquivos/ids/36946325/product-variants-4321408.jpg?v=638987508953600000,"Amaciante Seiva de Alfazema Downy 1,5L Concentrado Perfume Duradouro"
"Amaciante Frescor de Primavera Downy Concentrado 1,5L",34.49,,,,https://americanas.vtexassets.com/arquivos/ids/36913884/7500435153867_99_2_3000_300_RGB.jpg?v=638985477584630000,"Amaciante Frescor de Primavera Downy Concentrado 1,5L Até 66 Lavagens"
Absorvente Higiênico Tripla Proteção 42 Unidades Intimus Cobertura Seca,28.99,,,,https://americanas.vtexassets.com/arquivos/ids/36946139/product-variants-4321701.png?v=638987502163430000,Absorvente Higiênico Tripla Proteção 42 Unidades Intimus Cobertura Seca
Tapete de Banheiro Remix Popcorn Sortido Camesa Antiderrapante,15.99,,,,https://americanas.vtexassets.com/arquivos/ids/37017819/product-variants-2167832.jpg?v=638998591717970000,Tapete de Banheiro Remix Popcorn Sortido Camesa Antiderrapante
Biscoito Wafer Mini Chocolate Passatempo Nestlé 20g Crocante,15.99,,,,https://americanas.vtexassets.com/arquivos/ids/37170499/product-variants-2Fdraft-252F459751ff-1da8-4fd6-bb48-d4a2f8268d09-252F1765909875031_TESTE-252F4226908-252F4226908.jpg?v=639021157412500000,Biscoito Wafer Mini Chocolate Passatempo Nestlé 20g Crocante
Biscoito de Polvilho Salsa e Cebola Vale Douro 100g Sem Glúten,5.99,,,,https://americanas.vtexassets.com/arquivos/ids/37170444/product-variants-2Fdraft-252F22c769d6-598e-40f1-bc3f-58e144b50fac-252F1765909874835_TESTE-252F4097996-252F4097996.jpg?v=639021147194070000,Biscoito de Polvilho Salsa e Cebola Vale Douro 100g Sem Glúten
Ar Condicionado Split LG Dual Inverter AI Voice 18000 BTU/h Frio S3-Q18KL31C - 220 Volts,5430.46,3177.33,,,https://americanas.vtexassets.com/arquivos/ids/37350674/Ar-Condicionado-Split-LG-Dual-Inverter-AI-Voice-18000-BTU-h-Frio-S3-Q18KL31C---220-Volts.jpg?v=639094368815270000,Ar Condicionado Split LG Dual Inverter AI Voice 18000 BTU/h Frio S3-Q18KL31C - 220 Volts
Cama Box Baú com Colchão de Espuma D45 Pillow Top Suport Prime Solteiro 88cm,2296.7,1142.66,,,https://americanas.vtexassets.com/arquivos/ids/35791083/Cama-Box-Bau-com-Colchao-de-Espuma-D45-Pillow-Top-Suport-Prime-Solteiro-88cm.jpg?v=638899997497900000,Cama Box Baú com Colchão de Espuma D45 Pillow Top Suport Prime Solteiro 88cm
Ar Condicionado TCL Split Hi Wall Elite Inverter 12.000 Btus Tac-12csgv-inv 220v 220 V,2302.0,1749.0,,,https://americanas.vtexassets.com/arquivos/ids/37313762/Ar-Condicionado-Tcl-Split-Hi-Wall-Elite-Inverter-12000-Btus-Tac-12csgv-inv-220v-220-V.jpg?v=639077924463430000,Ar Condicionado TCL Split Hi Wall Elite Inverter 12.000 Btus Tac-12csgv-inv 220v 220 V
Kit de Cozinha Compacta Bella c/ 4 Portas (2 c/ Vidro) 80cm Verde - Bertolini,1987.95,1192.76,,,https://americanas.vtexassets.com/arquivos/ids/36661207/Kit-de-Cozinha-Compacta-Bella-c--4-Portas--2-c--Vidro--80cm-Verde---Bertolini.jpg?v=638922817933400000,Kit de Cozinha Compacta Bella c/ 4 Portas (2 c/ Vidro) 80cm Verde - Bertolini
Armário de Escritório Zaira 2 PT Nogal e Preto 75 cm,1449.99,718.96,,,https://americanas.vtexassets.com/arquivos/ids/37347120/Armario-de-Escritorio-Zaira-2-PT-Nogal-e-Preto-75-cm.jpg?v=639094366011700000,Armário de Escritório Zaira 2 PT Nogal e Preto 75 cm
Micro-ondas Midea de Embutir MGA20P 35L Preto 110 V,1262.0,959.0,,,https://americanas.vtexassets.com/arquivos/ids/37507573/8862823_img_1.jpg?v=639150650617630000,Micro-ondas Midea de Embutir MGA20P 35L Preto 110 V
Geladeira Refrigerador HQ Defrost 290 Litros Preto HQ-290RDF,2065.56,1859.0,,,https://americanas.vtexassets.com/arquivos/ids/36913749/Geladeira-Refrigerador-HQ-Defrost-290-Litros-Preto-HQ-290RDF.jpg?v=638984894908930000,Geladeira Refrigerador HQ Defrost 290 Litros Preto HQ-290RDF
Kit 06 Toalhas De Banho Gigante Banhão Linha Profissional Hotel Pousada Monaco Teka Branca,198.99,179.09,,,https://americanas.vtexassets.com/arquivos/ids/31323309/Kit-06-Toalhas-De-Banho-Gigante-Banhao-Linha-Profissional-Hotel-Pousada-Monaco-Teka-Branca.png?v=638823279370700000,Kit 06 Toalhas De Banho Gigante Banhão Linha Profissional Hotel Pousada Monaco Teka Branca
Difusor de Aromas Lembranças de Infância Glade 100ml 45 dias Varetas,23.99,,,,https://americanas.vtexassets.com/arquivos/ids/37170423/product-variants-2Fdraft-252Ff14fb79b-6779-498c-829e-787417b80b6a-252F1765909873698_TESTE-252F4313273-252F4313273.jpg?v=639015153485100000,Difusor de Aromas Lembranças de Infância Glade 100ml 45 dias Varetas
Lego Blocos De Montar Classic Veículos Peças Criativas Brinquedo De Construção 11036,485.99,437.39,,,https://americanas.vtexassets.com/arquivos/ids/34640345/Lego-Blocos-De-Montar-Classic-Veiculos-Pecas-Criativas-Brinquedo-De-Construcao-11036.jpg?v=638876797924870000,Lego Blocos De Montar Classic Veículos Peças Criativas Brinquedo De Construção 11036
Coloração em Creme Desamareladora Fixação Duradoura Alta Moda 5.0 Chá Escuro Profissional,14.99,,,,https://americanas.vtexassets.com/arquivos/ids/37186088/product-variants-2Fdraft-252Fbaac9ac5-53f4-4a2f-9d25-c71fb5b909bc-252F1765909874734_TESTE-252F4153491-252F4153491.jpg?v=639021147472270000,Coloração em Creme Desamareladora Fixação Duradoura Alta Moda 5.0 Chá Escuro Profissional
Usado: Samsung Galaxy S24 Ultra 512GB Preto Excelente - Trocafone,6909.0,4553.1,,,https://americanas.vtexassets.com/arquivos/ids/37391728/Usado--Samsung-Galaxy-S24-Ultra-512GB-Preto-Excelente---Trocafone.jpg?v=639107419983500000,Usado: Samsung Galaxy S24 Ultra 512GB Preto Excelente - Trocafone
Balcão para Cooktop 5 Bocas 2 Portas Bigger J Carvalho,539.9,299.11,,,https://americanas.vtexassets.com/arquivos/ids/35852060/Balcao-para-Cooktop-5-Bocas-2-Portas-Bigger-J-Carvalho.jpg?v=638912303648130000,Balcão para Cooktop 5 Bocas 2 Portas Bigger J Carvalho
Painel para TV até 60 Polegadas Jurerê 1 PT Off White e Freijó,639.99,346.5,,,https://americanas.vtexassets.com/arquivos/ids/35732533/Painel-para-TV-ate-60-Polegadas-Jurere-1-PT-Off-White-e-Freijo.jpg?v=638890533288800000,Painel para TV até 60 Polegadas Jurerê 1 PT Off White e Freijó
Sofá 3 Lugares Retrátil Amsterdã I Suede Marrom 180 cm,1719.99,813.08,,,https://americanas.vtexassets.com/arquivos/ids/35784820/Sofa-3-Lugares-Retratil-Amsterda-I-Suede-Marrom-180-cm.jpg?v=638899974081530000,Sofá 3 Lugares Retrátil Amsterdã I Suede Marrom 180 cm
Conjunto Escritório Home Office com Mesa Industrial + Estante Preto/Rustic Madesa,1519.99,713.99,,,https://americanas.vtexassets.com/arquivos/ids/35838925/Conjunto-Escritorio-Home-Office-com-Mesa-Industrial---Estante-Preto-Rustic-Madesa.jpg?v=638905369135400000,Conjunto Escritório Home Office com Mesa Industrial + Estante Preto/Rustic Madesa
Cama Box com Colchão de Molas Ensacadas Double Face Essence Probel Casal 138cm,2156.7,1043.06,,,https://americanas.vtexassets.com/arquivos/ids/37256601/Cama-Box-com-Colchao-de-Molas-Ensacadas-Double-Face-Essence-Probel-Casal-138cm.jpg?v=639053083552400000,Cama Box com Colchão de Molas Ensacadas Double Face Essence Probel Casal 138cm
Cama Box Baú Casal + Colchão Espuma D45 Castor Black White Double Face 138x188x69cm,4996.7,2578.56,,,https://americanas.vtexassets.com/arquivos/ids/35795278/Cama-Box-Bau-Casal---Colchao-Espuma-D45-Castor-Black-White-Double-Face-138x188x69cm.jpg?v=638900096655530000,Cama Box Baú Casal + Colchão Espuma D45 Castor Black White Double Face 138x188x69cm
Cama Box com Colchão de Espuma D60 Double Face Guarda Costas Comfort Force Probel Casal 138cm,2216.7,1076.26,,,https://americanas.vtexassets.com/arquivos/ids/37256696/Cama-Box-com-Colchao-de-Espuma-D60-Double-Face-Guarda-Costas-Comfort-Force-Probel-Casal-138cm.jpg?v=639053083626330000,Cama Box com Colchão de Espuma D60 Double Face Guarda Costas Comfort Force Probel Casal 138cm
Mesa de Jantar Retangular Tampo de Madeira Madesa 5363 - Rustic/Cinza,999.99,382.49,,,https://americanas.vtexassets.com/arquivos/ids/33650155/Mesa-de-Jantar-Retangular-Tampo-de-Madeira-Madesa-5363---Rustic-Cinza.jpg?v=638862935611800000,Mesa de Jantar Retangular Tampo de Madeira Madesa 5363 - Rustic/Cinza
Armário de Cozinha Completa 566cm Rustic/Preto Lux Madesa 01,20679.99,8049.49,,,https://americanas.vtexassets.com/arquivos/ids/35749555/Armario-de-Cozinha-Completa-566cm-Rustic-Preto-Lux-Madesa-01.jpg?v=638890598055130000,Armário de Cozinha Completa 566cm Rustic/Preto Lux Madesa 01
Gabinete de Banheiro Balcão Suspenso Isa c/ Cuba 55cm e Armário c/ Espelho Amendoa/Branco - MGM,474.95,284.72,,,https://americanas.vtexassets.com/arquivos/ids/36642826/Gabinete-de-Banheiro-Balcao-Suspenso-Isa-c--Cuba-55cm-e-Armario-c--Espelho-Amendoa-Branco---MGM.jpg?v=638922807779700000,Gabinete de Banheiro Balcão Suspenso Isa c/ Cuba 55cm e Armário c/ Espelho Amendoa/Branco - MGM
Mesa de Jantar Quadrada Tampo de Madeira Madesa 5363 - Rustic/Cinza,599.99,254.99,,,https://americanas.vtexassets.com/arquivos/ids/35837341/Mesa-de-Jantar-Quadrada-Tampo-de-Madeira-Madesa-5363---Rustic-Cinza.jpg?v=638905368653700000,Mesa de Jantar Quadrada Tampo de Madeira Madesa 5363 - Rustic/Cinza
Coifa de Parede Consul 60 cm Inox piramidal 4 bocas com duplo filtro - CA060BR 220V,1719.0,846.0,,,https://americanas.vtexassets.com/arquivos/ids/35869605/220V.jpg?v=638919094913970000,Coifa de Parede Consul 60 cm Inox piramidal 4 bocas com duplo filtro - CA060BR 220V
Cama Box + Colchão de Viúva Ortobom D45 Iso 150 128x188x53cm,1796.7,868.76,,,https://americanas.vtexassets.com/arquivos/ids/35794606/Cama-Box---Colchao-de-Viuva-Ortobom-D45-Iso-150-128x188x53cm.jpg?v=638900096241170000,Cama Box + Colchão de Viúva Ortobom D45 Iso 150 128x188x53cm
Escrivaninha com Estante Link Carvalho e Grafite,639.99,364.18,,,https://americanas.vtexassets.com/arquivos/ids/35782974/Escrivaninha-com-Estante-Link-Carvalho-e-Grafite.jpg?v=638899972833130000,Escrivaninha com Estante Link Carvalho e Grafite
Gabinete de Banheiro Suspenso BN3613 s/ Cuba c/ 1 Gaveta 60cm Amêndoa - Tecno Mobili,415.95,250.28,,,https://americanas.vtexassets.com/arquivos/ids/36680104/Gabinete-de-Banheiro-Suspenso-BN3613-s--Cuba-c--1-Gaveta-60cm-Amendoa---Tecno-Mobili.jpg?v=638922828473130000,Gabinete de Banheiro Suspenso BN3613 s/ Cuba c/ 1 Gaveta 60cm Amêndoa - Tecno Mobili
Cozinha Completa Star New Aço 3 Peças (2Aéreos+1Paneleiro) CZ46 Branco/Preto - Telasul,2381.95,1428.8,,,https://americanas.vtexassets.com/arquivos/ids/36631496/Cozinha-Completa-Star-New-Aco-3-Pecas--2Aereos-1Paneleiro--CZ46-Branco-Preto---Telasul.jpg?v=638922802127600000,Cozinha Completa Star New Aço 3 Peças (2Aéreos+1Paneleiro) CZ46 Branco/Preto - Telasul
Usado: Samsung Galaxy A34 5G 256GB Preto Muito Bom - Trocafone,1599.0,1034.1,,,https://americanas.vtexassets.com/arquivos/ids/37392377/Usado--Samsung-Galaxy-A34-5G-256GB-Preto-Muito-Bom---Trocafone.jpg?v=639107420456830000,Usado: Samsung Galaxy A34 5G 256GB Preto Muito Bom - Trocafone
Tampo p/ Balcão Cozinha E609 120cm Nogueira - Kappesberg,197.95,119.24,,,https://americanas.vtexassets.com/arquivos/ids/35661407/Tampo-p--Balcao-Cozinha-E609-120cm-Nogueira---Kappesberg.jpg?v=638888841831030000,Tampo p/ Balcão Cozinha E609 120cm Nogueira - Kappesberg
Conjunto: Mesa Sala Jantar Elba c/ Tampo de Vidro 120cm e 6 Cadeiras Lisboa Cromada - Courano Branco - Kappesberg,2920.95,1752.2,,,https://americanas.vtexassets.com/arquivos/ids/31271202/Conjunto--Mesa-Sala-Jantar-Elba-c--Tampo-de-Vidro-120cm-e-6-Cadeiras-Lisboa-Cromada---Courano-Branco---Kappesberg.jpg?v=638820700607870000,Conjunto: Mesa Sala Jantar Elba c/ Tampo de Vidro 120cm e 6 Cadeiras Lisboa Cromada - Courano Branco - Kappesberg
Sofá Cama p/Sala Luck Puff D23 Tecido Marrom Quadriculado - Luckspuma,1678.96,1007.13,,,https://americanas.vtexassets.com/arquivos/ids/36600521/Sofa-Cama-p-Sala-Luck-Puff-D23-Tecido-Marrom-Quadriculado---Luckspuma.jpg?v=638922786368270000,Sofá Cama p/Sala Luck Puff D23 Tecido Marrom Quadriculado - Luckspuma
Guarda-roupa Coimbra 4 Portas 4 Gavetas com Espelho,3623.51,2588.22,,,https://americanas.vtexassets.com/arquivos/ids/35810350/Guarda-roupa-Coimbra-4-Portas-4-Gavetas-com-Espelho.jpg?v=638900175201900000,Guarda-roupa Coimbra 4 Portas 4 Gavetas com Espelho
Balcão Cozinha Kappesberg Fruteira Crome Indrustrial LI035 Canela/Preto,407.08,292.27,,,https://americanas.vtexassets.com/arquivos/ids/37299536/Balcao-Cozinha-Kappesberg-Fruteira-Crome-Indrustrial-LI035-Canela-Preto.jpg?v=639053109179000000,Balcão Cozinha Kappesberg Fruteira Crome Indrustrial LI035 Canela/Preto
G. Roupa 2Ptas Correr 3Gavs Thor Plus Freijó Cum-Novo Horizonte,1973.71,1417.03,,,https://americanas.vtexassets.com/arquivos/ids/36822937/G-Roupa-2Ptas-Correr-3Gavs-Thor-Plus-Freijo-Cum-Novo-Horizonte.jpg?v=638948369919470000,G. Roupa 2Ptas Correr 3Gavs Thor Plus Freijó Cum-Novo Horizonte
Balcão Ilha Cozinha Gourmet Bella 2613 120cm e 2 Banquetas 1747 Branco - Rose/Areia/Caramelo - Carraro,1505.71,1081.03,,,https://americanas.vtexassets.com/arquivos/ids/37224632/Balcao-Ilha-Cozinha-Gourmet-Bella-2613-120cm-e-2-Banquetas-1747-Branco---Rose-Areia-Caramelo---Carraro.jpg?v=639033892746330000,Balcão Ilha Cozinha Gourmet Bella 2613 120cm e 2 Banquetas 1747 Branco - Rose/Areia/Caramelo - Carraro
Kit Cozinha Modulada 14 Peças Ciela 1 (5Aéreos+4Balcões+2Paneleiros+3Complementos) C14P80 Canela-Kappesberg,7177.87,5153.35,,,https://americanas.vtexassets.com/arquivos/ids/36660222/Kit-Cozinha-Modulada-14-Pecas-Ciela-1--5Aereos-4Balcoes-2Paneleiros-3Complementos--C14P80-Canela-Kappesberg.jpg?v=638922817206500000,Kit Cozinha Modulada 14 Peças Ciela 1 (5Aéreos+4Balcões+2Paneleiros+3Complementos) C14P80 Canela-Kappesberg
Painel p/ Lavabo Ripado Módulo Extensor 250x40 Central 100% MDF Cedro - DJ Móveis,269.02,193.15,,,https://americanas.vtexassets.com/arquivos/ids/37221627/Painel-p--Lavabo-Ripado-Modulo-Extensor-250x40-Central-100--MDF-Cedro---DJ-Moveis.jpg?v=639033891311100000,Painel p/ Lavabo Ripado Módulo Extensor 250x40 Central 100% MDF Cedro - DJ Móveis
Conjunto: Mesa de Cozinha Nevada Curvo 90cm + 4 Cadeiras Havana Naturale/Off White - Capuccino/Linho Capuccino - Rufato,1953.82,1402.75,,,https://americanas.vtexassets.com/arquivos/ids/37285347/Conjunto--Mesa-de-Cozinha-Nevada-Curvo-90cm---4-Cadeiras-Havana-Naturale-Off-White---Capuccino-Linho-Capuccino---Rufato.jpg?v=639053101907430000,Conjunto: Mesa de Cozinha Nevada Curvo 90cm + 4 Cadeiras Havana Naturale/Off White - Capuccino/Linho Capuccino - Rufato
Colchão Casal Molas Ensacadas Inovaflex Supreme 138x188x25,1412.11,1013.83,,,https://americanas.vtexassets.com/arquivos/ids/37221535/Colchao-Casal-Molas-Ensacadas-Inovaflex-Supreme-138x188x25.jpg?v=639033891268300000,Colchão Casal Molas Ensacadas Inovaflex Supreme 138x188x25
Cozinha Modulada Completa Star New 3 Peças (2 Armários + 1 Paneleiro) CPT106 Branco/Preto - Telasul,1962.01,1408.63,,,https://americanas.vtexassets.com/arquivos/ids/36826435/Cozinha-Modulada-Completa-Star-New-3-Pecas--2-Armarios---1-Paneleiro--CPT106-Branco-Preto---Telasul.jpg?v=638948381497270000,Cozinha Modulada Completa Star New 3 Peças (2 Armários + 1 Paneleiro) CPT106 Branco/Preto - Telasul
Kit 2 Cadeiras Sala Jantar Taís 2 Un Cinamomo/Suede Nude Bege - Cimol,512.38,367.87,,,https://americanas.vtexassets.com/arquivos/ids/36620815/Kit-2-Cadeiras-Sala-Jantar-Tais-2-Un-Cinamomo-Suede-Nude-Bege---Cimol.jpg?v=638922797166500000,Kit 2 Cadeiras Sala Jantar Taís 2 Un Cinamomo/Suede Nude Bege - Cimol
Balcão de Cozinha c/ Tampo Topázio Aço c/ 3 Portas e 3 Gavetas 105cm Branco/Preto - Telasul,905.5,650.11,,,https://americanas.vtexassets.com/arquivos/ids/36667275/Balcao-de-Cozinha-c--Tampo-Topazio-Aco-c--3-Portas-e-3-Gavetas-105cm-Branco-Preto---Telasul.jpg?v=638922822348700000,Balcão de Cozinha c/ Tampo Topázio Aço c/ 3 Portas e 3 Gavetas 105cm Branco/Preto - Telasul
Bicama Solteiro CM8032 c/ Auxiliar Branco - Tecno Mobili,876.25,629.11,,,https://americanas.vtexassets.com/arquivos/ids/36645219/Bicama-Solteiro-CM8032-c--Auxiliar-Branco---Tecno-Mobili.jpg?v=638922808937800000,Bicama Solteiro CM8032 c/ Auxiliar Branco - Tecno Mobili
Penteadeira Camarim Juvenil MSM 437 c/ 5 Gavetas e Espelho Branco - Movelbento,1289.26,925.63,,,https://americanas.vtexassets.com/arquivos/ids/36644902/Penteadeira-Camarim-Juvenil-MSM-437-c--5-Gavetas-e-Espelho-Branco---Movelbento.jpg?v=638922808792600000,Penteadeira Camarim Juvenil MSM 437 c/ 5 Gavetas e Espelho Branco - Movelbento
Conjunto: Mesa Sala Jantar Imperatriz c/ Tampo Madeirado Canto Reto 180cm + 6 Cadeiras Jade Imbuia/Veludo Creme - Rufato,2804.41,2013.43,,,https://americanas.vtexassets.com/arquivos/ids/36816180/Conjunto--Mesa-Sala-Jantar-Imperatriz-c--Tampo-Madeirado-Canto-Reto-180cm---6-Cadeiras-Jade-Imbuia-Veludo-Creme---Rufato.jpg?v=638948364312900000,Conjunto: Mesa Sala Jantar Imperatriz c/ Tampo Madeirado Canto Reto 180cm + 6 Cadeiras Jade Imbuia/Veludo Creme - Rufato
Travesseiro T. Látex 7536 (40x70) - Herval,142.66,102.43,,,https://americanas.vtexassets.com/arquivos/ids/36660646/Travesseiro-T-Latex-7536--40x70----Herval.jpg?v=638922817512400000,Travesseiro T. Látex 7536 (40x70) - Herval
Cozinha Completa Viena Tampo Madeirado c/ Vidro 136cm e 6 Cadeiras Bia Freijo/Off White - Suede Kraft - DJ Móveis,3940.48,2829.07,,,https://americanas.vtexassets.com/arquivos/ids/36814090/Cozinha-Completa-Viena-Tampo-Madeirado-c--Vidro-136cm-e-6-Cadeiras-Bia-Freijo-Off-White---Suede-Kraft---DJ-Moveis.jpg?v=638948362561270000,Cozinha Completa Viena Tampo Madeirado c/ Vidro 136cm e 6 Cadeiras Bia Freijo/Off White - Suede Kraft - DJ Móveis
Conjunto: Mesa de Cozinha Lins c/ Tampo Madeirado c/ Vidro Curvo 120x80cm e 4 Cadeiras Milla Plus Nature/Courano/Caramelo - Henn,2529.46,1816.03,,,https://americanas.vtexassets.com/arquivos/ids/36612836/Conjunto--Mesa-de-Cozinha-Lins-c--Tampo-Madeirado-c--Vidro-Curvo-120x80cm-e-4-Cadeiras-Milla-Plus-Nature-Courano-Caramelo---Henn.jpg?v=638922793225970000,Conjunto: Mesa de Cozinha Lins c/ Tampo Madeirado c/ Vidro Curvo 120x80cm e 4 Cadeiras Milla Plus Nature/Courano/Caramelo - Henn
Cozinha Completa Rainha Gourmet 7 Peças (3Aéreos+3Balcões+1Paneleiro) C6P37 Branca/Nature - Nesher,5844.07,,,,https://americanas.vtexassets.com/arquivos/ids/36659926/Cozinha-Completa-Rainha-Gourmet-7-Pecas--3Aereos-3Balcoes-1Paneleiro--C6P37-Branca-Nature---Nesher.jpg?v=638922816988830000,Cozinha Completa Rainha Gourmet 7 Peças (3Aéreos+3Balcões+1Paneleiro) C6P37 Branca/Nature - Nesher
Pneu 295/80R22.5 Mirage MG660 18PR 152/149M TL Liso/Rod,2226.56,1763.43,,,https://americanas.vtexassets.com/arquivos/ids/36972771/Pneu-295-80R225-Mirage-MG660-18PR-152-149M-TL-Liso-Rod.jpg?v=638991569543000000,Pneu 295/80R22.5 Mirage MG660 18PR 152/149M TL Liso/Rod
Bomba Combustível Palio Siena Uno 85 a 2000 Gauss GI3103,109.98,87.1,,,https://americanas.vtexassets.com/arquivos/ids/37049529/Bomba-Combustivel-Palio-Siena-Uno-85-a-2000-Gauss-GI3103.jpg?v=639003011367670000,Bomba Combustível Palio Siena Uno 85 a 2000 Gauss GI3103
Bucha Eixo Traseiro Vectra 94 a 96 Mobensani MB1216,36.11,28.6,,,https://americanas.vtexassets.com/arquivos/ids/37039669/Bucha-Eixo-Traseiro-Vectra-94-a-96-Mobensani-MB1216.jpg?v=639002954226670000,Bucha Eixo Traseiro Vectra 94 a 96 Mobensani MB1216
Junta Deslizante Caixa Volkswagen Kombi 1.6 78 a 97 Perfect,135.48,107.3,,,https://americanas.vtexassets.com/arquivos/ids/37088932/Junta-Deslizante-Caixa-Volkswagen-Kombi-16-78-a-97-Perfect.jpg?v=639003053442230000,Junta Deslizante Caixa Volkswagen Kombi 1.6 78 a 97 Perfect
Camisa Motor STD Atron Axor O500 2011 a 2022 Metal Leve,480.18,380.3,,,https://americanas.vtexassets.com/arquivos/ids/37093005/Camisa-Motor-STD-Atron-Axor-O500-2011-a-2022-Metal-Leve.jpg?v=639003056130000000,Camisa Motor STD Atron Axor O500 2011 a 2022 Metal Leve
Filtro Ar Chevrolet Blazer S10 2.4 8V Mahle LX2529,79.04,62.6,,,https://americanas.vtexassets.com/arquivos/ids/32440374/Filtro-Ar-Chevrolet-Blazer-S10-24-8V-Mahle-LX2529.jpg?v=638851732574600000,Filtro Ar Chevrolet Blazer S10 2.4 8V Mahle LX2529
Pneu Continental 185/55r15 82v Tl Contipremiumcontact 5,1026.56,813.03,,,https://americanas.vtexassets.com/arquivos/ids/34661843/Pneu-Continental-185-55r15-82v-Tl-Contipremiumcontact-5.jpg?v=638876838370900000,Pneu Continental 185/55r15 82v Tl Contipremiumcontact 5
Guarda Roupa Casal 6 Portas 100 MDF Imperatore Lopas,3289.9,2719.11,,,https://americanas.vtexassets.com/arquivos/ids/35856076/Guarda-Roupa-Casal-6-Portas-100-MDF-Imperatore-Lopas.jpg?v=638914004166230000,Guarda Roupa Casal 6 Portas 100 MDF Imperatore Lopas
Ar Condicionado Multi Split Elgin 18.000 Btus (Hi Wall 9.000 Btus + Hi Wall 18.000 Btus) Quente e Frio 220V R-32,7741.0,6616.27,,,https://americanas.vtexassets.com/arquivos/ids/37164227/Ar-Condicionado-Multi-Split-Elgin-18000-Btus--Hi-Wall-9000-Btus---Hi-Wall-18000-Btus--Quente-e-Frio-220V-R-32.jpg?v=639015097282000000,Ar Condicionado Multi Split Elgin 18.000 Btus (Hi Wall 9.000 Btus + Hi Wall 18.000 Btus) Quente e Frio 220V R-32
Guarda Roupa Casal Flex Ripado Espelho 3 Portas de Correr MDF Ollie Lopas,3225.9,2750.79,,,https://americanas.vtexassets.com/arquivos/ids/35855320/Guarda-Roupa-Casal-Flex-Ripado-Espelho-3-Portas-de-Correr-MDF-Ollie-Lopas.jpg?v=638914003576500000,Guarda Roupa Casal Flex Ripado Espelho 3 Portas de Correr MDF Ollie Lopas
Cooktop de Indução Portátil Philco 2 queimadores PCT20P 127V,719.9,599.9,,,https://americanas.vtexassets.com/arquivos/ids/37449431/127V.jpg?v=639131578827470000,Cooktop de Indução Portátil Philco 2 queimadores PCT20P 127V
Balcão de Cozinha 80 cm 2 Gavetas  Vik Madesa,1959.99,671.49,,,https://americanas.vtexassets.com/arquivos/ids/3690526/Balcao-de-Cozinha-80-cm-2-Gavetas--Vik-Madesa.jpg?v=638975386383300000,Balcão de Cozinha 80 cm 2 Gavetas  Vik Madesa
Kit Balcão + Cristaleira 70 cm Vik Madesa 02,3119.99,1104.99,,,https://americanas.vtexassets.com/arquivos/ids/36802967/Kit-Balcao---Cristaleira-70-cm-Vik-Madesa-02.jpg?v=638935597744130000,Kit Balcão + Cristaleira 70 cm Vik Madesa 02
Conjunto Sala de Jantar Mesa Tampo de Madeira 4 Cadeiras Rustic Agnes Madesa,2099.99,764.99,,,https://americanas.vtexassets.com/arquivos/ids/35561280/Conjunto-Sala-de-Jantar-Mesa-Tampo-de-Madeira-4-Cadeiras-Rustic-Agnes-Madesa.jpg?v=638887270118700000,Conjunto Sala de Jantar Mesa Tampo de Madeira 4 Cadeiras Rustic Agnes Madesa
Armário de Cozinha Completa de Canto 399 cm Vik Madesa 02,10459.99,3824.99,,,https://americanas.vtexassets.com/arquivos/ids/35875962/Armario-de-Cozinha-Completa-de-Canto-399-cm-Vik-Madesa-02.jpg?v=638919120640300000,Armário de Cozinha Completa de Canto 399 cm Vik Madesa 02
Armário de Cozinha Completa 270cm Stella Madesa 11,6239.99,2362.99,,,https://americanas.vtexassets.com/arquivos/ids/36905494/Armario-de-Cozinha-Completa-270cm-Stella-Madesa-11.jpg?v=638977919449500000,Armário de Cozinha Completa 270cm Stella Madesa 11
Armário de Cozinha Completa 310cm Lux Madesa 01,10679.99,4164.99,,,https://americanas.vtexassets.com/arquivos/ids/35751434/Armario-de-Cozinha-Completa-310cm-Lux-Madesa-01.jpg?v=638890599427800000,Armário de Cozinha Completa 310cm Lux Madesa 01
Armário de Cozinha Completa 310cm Rustic/Cinza Lux Madesa 02,10679.99,4164.99,,,https://americanas.vtexassets.com/arquivos/ids/32434906/Armario-de-Cozinha-Completa-310cm-Rustic-Cinza-Lux-Madesa-02.jpg?v=638851716397870000,Armário de Cozinha Completa 310cm Rustic/Cinza Lux Madesa 02
Conjunto Sala de Jantar Madesa Cassia Mesa Tampo de Vidro com 2 Cadeiras,1639.99,654.49,,,https://americanas.vtexassets.com/arquivos/ids/35838185/Conjunto-Sala-de-Jantar-Madesa-Cassia-Mesa-Tampo-de-Vidro-com-2-Cadeiras.jpg?v=638905368942070000,Conjunto Sala de Jantar Madesa Cassia Mesa Tampo de Vidro com 2 Cadeiras
Conjunto Sala de Jantar Mesa Tampo de Vidro 6 Cadeiras Rustic/Sintético Bege Isla Madesa,2119.99,849.99,,,https://americanas.vtexassets.com/arquivos/ids/35843805/Conjunto-Sala-de-Jantar-Mesa-Tampo-de-Vidro-6-Cadeiras-Rustic-Sintetico-Bege-Isla-Madesa.jpg?v=638905378489830000,Conjunto Sala de Jantar Mesa Tampo de Vidro 6 Cadeiras Rustic/Sintético Bege Isla Madesa
Torre Quente Madesa Glamy 70 cm 3 Portas - Branco/Rustic,2059.99,829.98,,,https://americanas.vtexassets.com/arquivos/ids/35564398/Torre-Quente-Madesa-Glamy-70-cm-3-Portas---Branco-Rustic.jpg?v=638887272984700000,Torre Quente Madesa Glamy 70 cm 3 Portas - Branco/Rustic
Armário de Cozinha Completa 549cm Glamy Madesa 01,12239.99,4759.99,,,https://americanas.vtexassets.com/arquivos/ids/35738419/Armario-de-Cozinha-Completa-549cm-Glamy-Madesa-01.jpg?v=638890590822000000,Armário de Cozinha Completa 549cm Glamy Madesa 01
Armário de Cozinha Completa 270cm Rustic/Branco Glamy Madesa 15,4119.99,1699.99,,,https://americanas.vtexassets.com/arquivos/ids/35750601/Armario-de-Cozinha-Completa-270cm-Rustic-Branco-Glamy-Madesa-15.jpg?v=638890598851800000,Armário de Cozinha Completa 270cm Rustic/Branco Glamy Madesa 15
Balcão de Pia Madesa Glamy 120 cm 2 Portas (Com Tampo) - Branco/Preto,1479.99,609.99,,,https://americanas.vtexassets.com/arquivos/ids/35893878/Balcao-de-Pia-Madesa-Glamy-120-cm-2-Portas--Com-Tampo----Branco-Preto.jpg?v=638920018853400000,Balcão de Pia Madesa Glamy 120 cm 2 Portas (Com Tampo) - Branco/Preto
Cozinha Completa de Canto Madesa Agata 459001 com Armário e Balcão (Sem Tampo e Pia) - Branco/Preto,7779.99,3229.99,,,https://americanas.vtexassets.com/arquivos/ids/35907351/Cozinha-Completa-de-Canto-Madesa-Agata-459001-com-Armario-e-Balcao--Sem-Tampo-e-Pia----Branco-Preto.jpg?v=638920032541700000,Cozinha Completa de Canto Madesa Agata 459001 com Armário e Balcão (Sem Tampo e Pia) - Branco/Preto
Balcão Madesa Agata 40 cm 1 Porta - Rustic/Branco,899.99,379.98,,,https://americanas.vtexassets.com/arquivos/ids/35895423/Balcao-Madesa-Agata-40-cm-1-Porta---Rustic-Branco.jpg?v=638920020324000000,Balcão Madesa Agata 40 cm 1 Porta - Rustic/Branco
Paneleiro Madesa Emilly 2 Portas - Rustic/Cinza,559.99,237.99,,,https://americanas.vtexassets.com/arquivos/ids/35645008/Paneleiro-Madesa-Emilly-2-Portas---Rustic-Cinza.jpg?v=638887762732000000,Paneleiro Madesa Emilly 2 Portas - Rustic/Cinza
Armário de Cozinha Compacta 160cm Branco/Preto Glamy Madesa 07,2779.99,1189.99,,,https://americanas.vtexassets.com/arquivos/ids/32434333/Armario-de-Cozinha-Compacta-160cm-Branco-Preto-Glamy-Madesa-07.jpg?v=638851715225000000,Armário de Cozinha Compacta 160cm Branco/Preto Glamy Madesa 07
Conjunto Sala de Jantar Mesa Tampo de Madeira 4 Cadeiras Rustic/Crema/Preto Samara Madesa,1179.99,509.99,,,https://americanas.vtexassets.com/arquivos/ids/35843390/Conjunto-Sala-de-Jantar-Mesa-Tampo-de-Madeira-4-Cadeiras-Rustic-Crema-Preto-Samara-Madesa.jpg?v=638905370758130000,Conjunto Sala de Jantar Mesa Tampo de Madeira 4 Cadeiras Rustic/Crema/Preto Samara Madesa
Armário Aéreo Madesa Glamy 40 cm 1 Porta - Rustic/Preto,679.99,299.98,,,https://americanas.vtexassets.com/arquivos/ids/35905173/Armario-Aereo-Madesa-Glamy-40-cm-1-Porta---Rustic-Preto.jpg?v=638920030401400000,Armário Aéreo Madesa Glamy 40 cm 1 Porta - Rustic/Preto
Cama Box Baú com Colchão de Espuma D33 Enrolado Sonno Full - Umaflex Solteiro 88cm,2116.7,1026.46,,,https://americanas.vtexassets.com/arquivos/ids/37346624/Cama-Box-Bau-com-Colchao-de-Espuma-D33-Enrolado-Sonno-Full---Umaflex-Solteiro-88cm.jpg?v=639094365625300000,Cama Box Baú com Colchão de Espuma D33 Enrolado Sonno Full - Umaflex Solteiro 88cm
Cama Box com Colchão de Espuma D45 Pillow Top Strong One Face + Auxiliar de Espuma Unique Solteiro 88cm,2376.7,1150.96,,,https://americanas.vtexassets.com/arquivos/ids/35795079/Cama-Box-com-Colchao-de-Espuma-D45-Pillow-Top-Strong-One-Face---Auxiliar-de-Espuma-Unique-Solteiro-88cm.jpg?v=638900096532900000,Cama Box com Colchão de Espuma D45 Pillow Top Strong One Face + Auxiliar de Espuma Unique Solteiro 88cm
Mesa de Jantar Retangular com Tampo de Vidro Rubi Off White 160 cm,1759.99,932.66,,,https://americanas.vtexassets.com/arquivos/ids/35877367/Mesa-de-Jantar-Retangular-com-Tampo-de-Vidro-Rubi-Off-White-160-cm.jpg?v=638919121837570000,Mesa de Jantar Retangular com Tampo de Vidro Rubi Off White 160 cm
Armário de Cozinha Compacta com Vidro Reflecta Proença Ripado 8 Portas 8 Gavetas Nude e Nogueira,8179.99,4293.52,,,https://americanas.vtexassets.com/arquivos/ids/36947253/Armario-de-Cozinha-Compacta-com-Vidro-Reflecta-Proenca-Ripado-8-Portas-8-Gavetas-Nude-e-Nogueira.jpg?v=638989821562230000,Armário de Cozinha Compacta com Vidro Reflecta Proença Ripado 8 Portas 8 Gavetas Nude e Nogueira
Armário de Cozinha Compacta com Vidro Reflecta Proença Ripado 8 Portas 9 Gavetas Nude e Nogueira,7439.99,3985.63,,,https://americanas.vtexassets.com/arquivos/ids/36947264/Armario-de-Cozinha-Compacta-com-Vidro-Reflecta-Proenca-Ripado-8-Portas-9-Gavetas-Nude-e-Nogueira.jpg?v=638989821568900000,Armário de Cozinha Compacta com Vidro Reflecta Proença Ripado 8 Portas 9 Gavetas Nude e Nogueira
